<?xml version="1.0" encoding="UTF-8"?>
<beans xmlns="http://www.springframework.org/schema/beans"
  xmlns:context="http://www.springframework.org/schema/context" xmlns:xsi="http://www.w3.org/2001/XMLSchema-instance"
  xsi:schemaLocation="
   http://www.springframework.org/schema/beans     
   http://www.springframework.org/schema/beans/spring-beans-3.0.xsd
   http://www.springframework.org/schema/context 
   http://www.springframework.org/schema/context/spring-context-3.0.xsd">

  <context:component-scan base-package="managment.controller" />
  <context:annotation-config />

  <bean id="frontconf" class="config.WebMvcConfig" />
  <bean id="Loginda" class="Dao.LoginDao" />

  <bean id="JdbcTemplate" class="org.springframework.jdbc.core.JdbcTemplate">
    <property name="dataSource" ref="datasource" />
  </bean>

  <bean id="datasource" class="org.springframework.jdbc.datasource.DriverManagerDataSource">
    <property name="driverClassName" value="com.microsoft.sqlserver.jdbc.SQLServerDriver" />
    <property name="url" value="jdbc:sqlserver://192.168.52.71\\SQLEXPRESS:1433;databaseName=Trainee_may19" />
    <property name="username" value="TestDB" />
    <property name="password" value="TestDB" />
  </bean>

</beans>
